algorithm_name,query_count,q_error_avg,q_error_min,q_error_max,time_ms_avg,time_ms_min,time_ms_max,cost_usd_total,llm_calls_total,tokens_total,memory_consumption_total
Custom Algorithm Template,11,-1102.2727272727273,-8785.0,-2.0,0.062348366058854895,0.0030410010367631912,0.636667013168335,0.0,0.0,0.0,0.0
Extrapolation Sampling 1%,23,inf,-8785.0,inf,737.9152863033358,539.5190420094877,1833.6619170149788,0.0038259,77.0,16704.0,8508091.0
Extrapolation Sampling 5%,23,inf,-22.0,inf,1868.3970126123472,543.0932079907507,6793.908958003158,0.04855189999999999,877.0,215134.0,40713692.0
Extrapolation Sampling 10%,23,inf,-10.0,inf,2581.5867210457445,584.5671669812873,17159.743917000014,0.20040460000000004,3014.0,907082.0,81809712.0
Extrapolation Sampling 20%,23,inf,-10.0,inf,12176.334434653298,626.2744999839924,84275.12083301554,0.7280270000000011,11068.0,3291493.0,163587444.0
