algorithm_name,query_count,q_error_avg,q_error_min,q_error_max,time_ms_avg,time_ms_min,time_ms_max,cost_usd_total,llm_calls_total,tokens_total,memory_consumption_total
My Selectivity Estimation Algorithm,6,2.9961552247705263e+307,5.0,1.7976931348623157e+308,0.012707586089769999,0.001300126314163208,0.06921961903572083,0.0,0.0,0.0,0.0
Extrapolation Sampling,6,,1.0,1.7976931348623157e+308,936.8389509618282,468.9267911016941,1742.668054997921,0.00027705,6.0,1793.0,2496.0
