algorithm_name,query_count,q_error_avg,q_error_min,q_error_max,time_ms_avg,time_ms_min,time_ms_max,cost_usd_total,llm_calls_total,tokens_total,memory_consumption_total
My Selectivity Estimation Algorithm,6,2.9961552247705263e+307,7.0,1.7976931348623157e+308,0.007379179199536641,0.0006817281246185303,0.039286911487579346,0.0,0.0,0.0,0.0
Extrapolation Sampling,6,inf,1.0,1.7976931348623157e+308,675.0432904809713,425.8466251194477,1278.3675380051136,0.00022889999999999998,6.0,1472.0,2496.0
