algorithm_name,query_count,q_error_avg,q_error_min,q_error_max,time_ms_avg,time_ms_min,time_ms_max,cost_usd_total,llm_calls_total,tokens_total,memory_consumption_total
Custom Algorithm Template,6,2.9961552247705263e+307,5.0,1.7976931348623157e+308,0.001574556032816569,0.0011213123798370361,0.0029802322387695312,0.0,0.0,0.0,0.0
Extrapolation Sampling,6,,1.0,1.7976931348623157e+308,5930.502159520984,552.3532554507256,28166.971694678068,0.00027705,6.0,1793.0,2496.0
